{
  "model_name": "hist_gradient_boosting",
  "threshold": 0.29,
  "feature_columns": [
    "acquisition_channel",
    "country",
    "device_type",
    "user_intent_level",
    "career_stage",
    "onboarding_variant",
    "language",
    "timezone",
    "signup_hour",
    "signup_day_of_week",
    "marketing_consent",
    "onboarding_started",
    "onboarding_complete",
    "profile_complete",
    "resume_upload",
    "job_recommendation_view",
    "job_save",
    "growth_task_complete",
    "career_report_generate",
    "num_core_actions_completed",
    "num_sessions",
    "num_user_actions",
    "num_days_active",
    "num_email_sent",
    "num_push_sent",
    "num_in_app_sent",
    "avg_events_per_session",
    "max_events_in_session",
    "total_user_actions_in_sessions",
    "unique_event_type_count",
    "first_day_event_count",
    "last_2_days_event_count",
    "hours_to_first_action",
    "hours_since_last_action_at_cutoff",
    "ai_assistant_interaction_count",
    "job_detail_view_count",
    "return_visit_count"
  ],
  "val_metrics": {
    "pr_auc": 0.5649960447650139,
    "roc_auc": 0.6554541595925296,
    "log_loss": 0.6363591802207513,
    "brier_score": 0.22226912214123332,
    "threshold": 0.29,
    "precision": 0.46875,
    "recall": 0.7894736842105263,
    "f1_score": 0.5882352941176471,
    "accuracy": 0.58
  },
  "test_metrics": {
    "pr_auc": 0.6328338501795827,
    "roc_auc": 0.718892104175279,
    "log_loss": 0.604910630523022,
    "brier_score": 0.20843959640843898,
    "threshold": 0.29,
    "precision": 0.518796992481203,
    "recall": 0.8414634146341463,
    "f1_score": 0.641860465116279,
    "accuracy": 0.615
  },
  "candidate_validation_metrics": {
    "logistic_regression": {
      "pr_auc": 0.556051081882012,
      "roc_auc": 0.6793293718166384,
      "log_loss": 0.6644511209660428,
      "brier_score": 0.2317191440035664,
      "threshold": 0.5,
      "precision": 0.5368421052631579,
      "recall": 0.6710526315789473,
      "f1_score": 0.5964912280701754,
      "accuracy": 0.655
    },
    "hist_gradient_boosting": {
      "pr_auc": 0.5649960447650139,
      "roc_auc": 0.6554541595925296,
      "log_loss": 0.6363591802207513,
      "brier_score": 0.22226912214123332,
      "threshold": 0.5,
      "precision": 0.5238095238095238,
      "recall": 0.4342105263157895,
      "f1_score": 0.4748201438848921,
      "accuracy": 0.635
    }
  }
}